Modelo,Silhouette,Calinski-Harabasz,Davies-Bouldin
K-Means (k=3),0.4912960800855776,9.521331399031485,0.3500637742224912
K-Means Opt (k=3),0.4912960800855776,9.521331399031485,0.3500637742224912
Jerárquico (k=3),0.4912960800855776,9.521331399031485,0.3500637742224912
DBSCAN,0.0,0.0,0.0
